,PatchID,date,duration,depth
0,11242,11/10/2009,0,0.0
1,11242,11/11/2009,0,0.0
2,11242,11/12/2009,7,0.17803673514285714
3,11242,11/13/2009,4,0.19962577299999998
4,11242,11/14/2009,0,0.0
5,11242,11/15/2009,0,0.0
6,11242,11/16/2009,0,0.0
7,11242,11/17/2009,0,0.0
8,11242,11/18/2009,0,0.0
9,11242,11/6/2009,0,0.0
10,11242,11/7/2009,0,0.0
11,11242,11/8/2009,0,0.0
12,11242,11/9/2009,0,0.0
13,11242,11/9/2009,0,0.0
14,11243,11/10/2009,0,0.0
15,11243,11/11/2009,0,0.0
16,11243,11/12/2009,8,0.3656454905
17,11243,11/13/2009,9,0.2617376581111111
18,11243,11/14/2009,0,0.0
19,11243,11/15/2009,0,0.0
20,11243,11/16/2009,0,0.0
21,11243,11/17/2009,0,0.0
22,11243,11/18/2009,0,0.0
23,11243,11/6/2009,0,0.0
24,11243,11/7/2009,0,0.0
25,11243,11/8/2009,0,0.0
26,11243,11/9/2009,0,0.0
27,11243,11/9/2009,0,0.0
28,11244,11/10/2009,0,0.0
29,11244,11/11/2009,0,0.0
30,11244,11/12/2009,8,0.3056454905
31,11244,11/13/2009,9,0.2017376581111111
32,11244,11/14/2009,0,0.0
33,11244,11/15/2009,0,0.0
34,11244,11/16/2009,0,0.0
35,11244,11/17/2009,0,0.0
36,11244,11/18/2009,0,0.0
37,11244,11/6/2009,0,0.0
38,11244,11/7/2009,0,0.0
39,11244,11/8/2009,0,0.0
40,11244,11/9/2009,0,0.0
41,11244,11/9/2009,0,0.0
42,11245,11/10/2009,0,0.0
43,11245,11/11/2009,0,0.0
44,11245,11/12/2009,7,0.2780367351428571
45,11245,11/13/2009,7,0.18435469714285713
46,11245,11/14/2009,0,0.0
47,11245,11/15/2009,0,0.0
48,11245,11/16/2009,0,0.0
49,11245,11/17/2009,0,0.0
50,11245,11/18/2009,0,0.0
51,11245,11/6/2009,0,0.0
52,11245,11/7/2009,0,0.0
53,11245,11/8/2009,0,0.0
54,11245,11/9/2009,0,0.0
55,11245,11/9/2009,0,0.0
56,11406,11/10/2009,0,0.0
57,11406,11/11/2009,0,0.0
58,11406,11/12/2009,7,0.16803673514285714
59,11406,11/13/2009,4,0.189625773
60,11406,11/14/2009,0,0.0
61,11406,11/15/2009,0,0.0
62,11406,11/16/2009,0,0.0
63,11406,11/17/2009,0,0.0
64,11406,11/18/2009,0,0.0
65,11406,11/6/2009,0,0.0
66,11406,11/7/2009,0,0.0
67,11406,11/8/2009,0,0.0
68,11406,11/9/2009,0,0.0
69,11406,11/9/2009,0,0.0
70,11409,11/10/2009,0,0.0
71,11409,11/11/2009,0,0.0
72,11409,11/12/2009,10,0.493149687
73,11409,11/13/2009,10,0.4326599753
74,11409,11/14/2009,2,0.177507415
75,11409,11/15/2009,0,0.0
76,11409,11/16/2009,0,0.0
77,11409,11/17/2009,0,0.0
78,11409,11/18/2009,0,0.0
79,11409,11/6/2009,0,0.0
80,11409,11/7/2009,0,0.0
81,11409,11/8/2009,0,0.0
82,11409,11/9/2009,0,0.0
83,11409,11/9/2009,0,0.0
84,11410,11/10/2009,0,0.0
85,11410,11/11/2009,0,0.0
86,11410,11/12/2009,3,0.033132881333333336
87,11410,11/13/2009,2,0.043798530499999995
88,11410,11/14/2009,0,0.0
89,11410,11/15/2009,0,0.0
90,11410,11/16/2009,0,0.0
91,11410,11/17/2009,0,0.0
92,11410,11/18/2009,0,0.0
93,11410,11/6/2009,0,0.0
94,11410,11/7/2009,0,0.0
95,11410,11/8/2009,0,0.0
96,11410,11/9/2009,0,0.0
97,11410,11/9/2009,0,0.0
98,11572,11/10/2009,0,0.0
99,11572,11/11/2009,0,0.0
100,11572,11/12/2009,1,0.025673191
101,11572,11/13/2009,1,0.02360305
102,11572,11/14/2009,0,0.0
103,11572,11/15/2009,0,0.0
104,11572,11/16/2009,0,0.0
105,11572,11/17/2009,0,0.0
106,11572,11/18/2009,0,0.0
107,11572,11/6/2009,0,0.0
108,11572,11/7/2009,0,0.0
109,11572,11/8/2009,0,0.0
110,11572,11/9/2009,0,0.0
111,11572,11/9/2009,0,0.0
112,11573,11/10/2009,0,0.0
113,11573,11/11/2009,0,0.0
114,11573,11/12/2009,9,0.31037321977777776
115,11573,11/13/2009,9,0.2417376581111111
116,11573,11/14/2009,1,0.017565355
117,11573,11/15/2009,0,0.0
118,11573,11/16/2009,0,0.0
119,11573,11/17/2009,0,0.0
120,11573,11/18/2009,0,0.0
121,11573,11/6/2009,0,0.0
122,11573,11/7/2009,0,0.0
123,11573,11/8/2009,0,0.0
124,11573,11/9/2009,0,0.0
125,11573,11/9/2009,0,0.0
126,11574,11/10/2009,0,0.0
127,11574,11/11/2009,0,0.0
128,11574,11/12/2009,7,0.3080367351428572
129,11574,11/13/2009,7,0.21435469714285713
130,11574,11/14/2009,0,0.0
131,11574,11/15/2009,0,0.0
132,11574,11/16/2009,0,0.0
133,11574,11/17/2009,0,0.0
134,11574,11/18/2009,0,0.0
135,11574,11/6/2009,0,0.0
136,11574,11/7/2009,0,0.0
137,11574,11/8/2009,0,0.0
138,11574,11/9/2009,0,0.0
139,11574,11/9/2009,0,0.0
140,11736,11/10/2009,0,0.0
141,11736,11/11/2009,2,0.0321321175
142,11736,11/12/2009,10,0.3356116699
143,11736,11/13/2009,11,0.2532117625454546
144,11736,11/14/2009,1,0.077565355
145,11736,11/15/2009,0,0.0
146,11736,11/16/2009,0,0.0
147,11736,11/17/2009,0,0.0
148,11736,11/18/2009,0,0.0
149,11736,11/6/2009,0,0.0
150,11736,11/7/2009,0,0.0
151,11736,11/8/2009,0,0.0
152,11736,11/9/2009,0,0.0
153,11736,11/9/2009,0,0.0
154,11737,11/10/2009,0,0.0
155,11737,11/11/2009,4,0.225734242
156,11737,11/12/2009,14,0.4531585345714286
157,11737,11/13/2009,16,0.386580804875
158,11737,11/14/2009,4,0.21848462525
159,11737,11/15/2009,1,0.033585445
160,11737,11/16/2009,0,0.0
161,11737,11/17/2009,0,0.0
162,11737,11/18/2009,0,0.0
163,11737,11/6/2009,0,0.0
164,11737,11/7/2009,0,0.0
165,11737,11/8/2009,0,0.0
166,11737,11/9/2009,0,0.0
167,11737,11/9/2009,0,0.0
168,11900,11/10/2009,0,0.0
169,11900,11/11/2009,4,0.35573424200000003
170,11900,11/12/2009,17,0.4926451242352941
171,11900,11/13/2009,17,0.4872579458235293
172,11900,11/14/2009,8,0.19181836587500004
173,11900,11/15/2009,2,0.1158312195
174,11900,11/16/2009,0,0.0
175,11900,11/17/2009,0,0.0
176,11900,11/18/2009,0,0.0
177,11900,11/6/2009,0,0.0
178,11900,11/7/2009,0,0.0
179,11900,11/8/2009,0,0.0
180,11900,11/9/2009,0,0.0
181,11900,11/9/2009,0,0.0
182,11901,11/10/2009,0,0.0
183,11901,11/11/2009,4,0.38573424199999995
184,11901,11/12/2009,18,0.4938520966666667
185,11901,11/13/2009,18,0.48906491933333335
186,11901,11/14/2009,8,0.22181836587500003
187,11901,11/15/2009,4,0.082514277
188,11901,11/16/2009,0,0.0
189,11901,11/17/2009,0,0.0
190,11901,11/18/2009,0,0.0
191,11901,11/6/2009,0,0.0
192,11901,11/7/2009,0,0.0
193,11901,11/8/2009,0,0.0
194,11901,11/9/2009,0,0.0
195,11901,11/9/2009,0,0.0
196,12063,11/10/2009,0,0.0
197,12063,11/11/2009,0,0.0
198,12063,11/12/2009,7,0.14803673514285712
199,12063,11/13/2009,4,0.169625773
200,12063,11/14/2009,0,0.0
201,12063,11/15/2009,0,0.0
202,12063,11/16/2009,0,0.0
203,12063,11/17/2009,0,0.0
204,12063,11/18/2009,0,0.0
205,12063,11/6/2009,0,0.0
206,12063,11/7/2009,0,0.0
207,12063,11/8/2009,0,0.0
208,12063,11/9/2009,0,0.0
209,12063,11/9/2009,0,0.0
210,12064,11/10/2009,0,0.0
211,12064,11/11/2009,5,0.4088297967999999
212,12064,11/12/2009,22,0.5015450552272728
213,12064,11/13/2009,19,0.5688505946315788
214,12064,11/14/2009,8,0.331818365875
215,12064,11/15/2009,4,0.192514277
216,12064,11/16/2009,0,0.0
217,12064,11/17/2009,2,0.0156087195
218,12064,11/18/2009,0,0.0
219,12064,11/6/2009,0,0.0
220,12064,11/7/2009,0,0.0
221,12064,11/8/2009,0,0.0
222,12064,11/9/2009,0,0.0
223,12064,11/9/2009,0,0.0
224,12065,11/10/2009,0,0.0
225,12065,11/11/2009,3,0.15399739033333334
226,12065,11/12/2009,11,0.43584132645454543
227,12065,11/13/2009,13,0.34680355146153846
228,12065,11/14/2009,4,0.09848462525
229,12065,11/15/2009,0,0.0
230,12065,11/16/2009,0,0.0
231,12065,11/17/2009,0,0.0
232,12065,11/18/2009,0,0.0
233,12065,11/6/2009,0,0.0
234,12065,11/7/2009,0,0.0
235,12065,11/8/2009,0,0.0
236,12065,11/9/2009,0,0.0
237,12065,11/9/2009,0,0.0
238,12227,11/10/2009,0,0.0
239,12227,11/11/2009,3,0.16399739033333333
240,12227,11/12/2009,12,0.4093379879166667
241,12227,11/13/2009,13,0.35680355146153847
242,12227,11/14/2009,4,0.10848462525
243,12227,11/15/2009,0,0.0
244,12227,11/16/2009,0,0.0
245,12227,11/17/2009,0,0.0
246,12227,11/18/2009,0,0.0
247,12227,11/6/2009,0,0.0
248,12227,11/7/2009,0,0.0
249,12227,11/8/2009,0,0.0
250,12227,11/9/2009,0,0.0
251,12227,11/9/2009,0,0.0
252,12228,11/10/2009,0,0.0
253,12228,11/11/2009,5,0.4188297968
254,12228,11/12/2009,23,0.4895875531304347
255,12228,11/13/2009,19,0.578850594631579
256,12228,11/14/2009,8,0.34181836587500003
257,12228,11/15/2009,4,0.20251427700000002
258,12228,11/16/2009,0,0.0
259,12228,11/17/2009,2,0.025608719500000002
260,12228,11/18/2009,0,0.0
261,12228,11/6/2009,0,0.0
262,12228,11/7/2009,0,0.0
263,12228,11/8/2009,0,0.0
264,12228,11/9/2009,0,0.0
265,12228,11/9/2009,0,0.0
266,12391,11/10/2009,0,0.0
267,12391,11/11/2009,0,0.0
268,12391,11/12/2009,7,0.18803673514285715
269,12391,11/13/2009,4,0.209625773
270,12391,11/14/2009,0,0.0
271,12391,11/15/2009,0,0.0
272,12391,11/16/2009,0,0.0
273,12391,11/17/2009,0,0.0
274,12391,11/18/2009,0,0.0
275,12391,11/6/2009,0,0.0
276,12391,11/7/2009,0,0.0
277,12391,11/8/2009,0,0.0
278,12391,11/9/2009,0,0.0
279,12391,11/9/2009,0,0.0
280,12392,11/10/2009,0,0.0
281,12392,11/11/2009,5,0.46882979680000003
282,12392,11/12/2009,24,0.5179157667083335
283,12392,11/13/2009,19,0.628850594631579
284,12392,11/14/2009,10,0.3185981595
285,12392,11/15/2009,4,0.252514277
286,12392,11/16/2009,1,0.004663605
287,12392,11/17/2009,2,0.0756087195
288,12392,11/18/2009,0,0.0
289,12392,11/6/2009,0,0.0
290,12392,11/7/2009,0,0.0
291,12392,11/8/2009,0,0.0
292,12392,11/9/2009,0,0.0
293,12392,11/9/2009,0,0.0
294,12393,11/10/2009,0,0.0
295,12393,11/11/2009,0,0.0
296,12393,11/12/2009,2,0.0263969995
297,12393,11/13/2009,2,0.023798530499999998
298,12393,11/14/2009,0,0.0
299,12393,11/15/2009,0,0.0
300,12393,11/16/2009,0,0.0
301,12393,11/17/2009,0,0.0
302,12393,11/18/2009,0,0.0
303,12393,11/6/2009,0,0.0
304,12393,11/7/2009,0,0.0
305,12393,11/8/2009,0,0.0
306,12393,11/9/2009,0,0.0
307,12393,11/9/2009,0,0.0
308,12555,11/10/2009,0,0.0
309,12555,11/11/2009,0,0.0
310,12555,11/12/2009,7,0.23803673514285714
311,12555,11/13/2009,5,0.21000287480000002
312,12555,11/14/2009,0,0.0
313,12555,11/15/2009,0,0.0
314,12555,11/16/2009,0,0.0
315,12555,11/17/2009,0,0.0
316,12555,11/18/2009,0,0.0
317,12555,11/6/2009,0,0.0
318,12555,11/7/2009,0,0.0
319,12555,11/8/2009,0,0.0
320,12555,11/9/2009,0,0.0
321,12555,11/9/2009,0,0.0
322,12556,11/10/2009,0,0.0
323,12556,11/11/2009,5,0.5488297968
324,12556,11/12/2009,24,0.5979157667083334
325,12556,11/13/2009,20,0.67537936535
326,12556,11/14/2009,11,0.36942614745454544
327,12556,11/15/2009,7,0.21131107085714282
328,12556,11/16/2009,2,0.049901006500000004
329,12556,11/17/2009,2,0.1556087195
330,12556,11/18/2009,0,0.0
331,12556,11/6/2009,0,0.0
332,12556,11/7/2009,0,0.0
333,12556,11/8/2009,0,0.0
334,12556,11/9/2009,0,0.0
335,12556,11/9/2009,0,0.0
336,12719,11/10/2009,0,0.0
337,12719,11/11/2009,2,0.0521321175
338,12719,11/12/2009,10,0.35561166990000004
339,12719,11/13/2009,12,0.2514571115833334
340,12719,11/14/2009,1,0.097565355
341,12719,11/15/2009,0,0.0
342,12719,11/16/2009,0,0.0
343,12719,11/17/2009,0,0.0
344,12719,11/18/2009,0,0.0
345,12719,11/6/2009,0,0.0
346,12719,11/7/2009,0,0.0
347,12719,11/8/2009,0,0.0
348,12719,11/9/2009,0,0.0
349,12719,11/9/2009,0,0.0
350,12720,11/10/2009,0,0.0
351,12720,11/11/2009,5,0.6388297968
352,12720,11/12/2009,24,0.6879157667083334
353,12720,11/13/2009,20,0.76537936535
354,12720,11/14/2009,11,0.4594261474545455
355,12720,11/15/2009,7,0.30131107085714287
356,12720,11/16/2009,3,0.099218607
357,12720,11/17/2009,3,0.19007005133333335
358,12720,11/18/2009,0,0.0
359,12720,11/6/2009,0,0.0
360,12720,11/7/2009,1,0.089496313
361,12720,11/8/2009,0,0.0
362,12720,11/9/2009,0,0.0
363,12720,11/9/2009,0,0.0
364,12883,11/10/2009,0,0.0
365,12883,11/11/2009,5,0.39882979679999997
366,12883,11/12/2009,21,0.5150645505238095
367,12883,11/13/2009,19,0.558850594631579
368,12883,11/14/2009,8,0.321818365875
369,12883,11/15/2009,4,0.182514277
370,12883,11/16/2009,0,0.0
371,12883,11/17/2009,1,0.015079488
372,12883,11/18/2009,0,0.0
373,12883,11/6/2009,0,0.0
374,12883,11/7/2009,0,0.0
375,12883,11/8/2009,0,0.0
376,12883,11/9/2009,0,0.0
377,12883,11/9/2009,0,0.0
378,12884,11/10/2009,0,0.0
379,12884,11/11/2009,5,0.9788297967999998
380,12884,11/12/2009,24,1.0279157667083332
381,12884,11/13/2009,22,1.0216855610454543
382,12884,11/14/2009,14,0.6723223628571429
383,12884,11/15/2009,10,0.4957722499
384,12884,11/16/2009,4,0.363649696
385,12884,11/17/2009,4,0.44200326524999994
386,12884,11/18/2009,0,0.0
387,12884,11/6/2009,0,0.0
388,12884,11/7/2009,2,0.346284662
389,12884,11/8/2009,0,0.0
390,12884,11/9/2009,0,0.0
391,12884,11/9/2009,0,0.0
392,12885,11/10/2009,0,0.0
393,12885,11/11/2009,0,0.0
394,12885,11/12/2009,1,0.025673191
395,12885,11/13/2009,1,0.02360305
396,12885,11/14/2009,0,0.0
397,12885,11/15/2009,0,0.0
398,12885,11/16/2009,0,0.0
399,12885,11/17/2009,0,0.0
400,12885,11/18/2009,0,0.0
401,12885,11/6/2009,0,0.0
402,12885,11/7/2009,0,0.0
403,12885,11/8/2009,0,0.0
404,12885,11/9/2009,0,0.0
405,12885,11/9/2009,0,0.0
406,12890,11/10/2009,0,0.0
407,12890,11/11/2009,4,0.215734242
408,12890,11/12/2009,13,0.4777728641538461
409,12890,11/13/2009,16,0.3765808057499999
410,12890,11/14/2009,4,0.20848462525
411,12890,11/15/2009,1,0.023585445
412,12890,11/16/2009,0,0.0
413,12890,11/17/2009,0,0.0
414,12890,11/18/2009,0,0.0
415,12890,11/6/2009,0,0.0
416,12890,11/7/2009,0,0.0
417,12890,11/8/2009,0,0.0
418,12890,11/9/2009,0,0.0
419,12890,11/9/2009,0,0.0
420,12891,11/10/2009,0,0.0
421,12891,11/11/2009,1,0.047198688
422,12891,11/12/2009,10,0.32561166990000007
423,12891,11/13/2009,11,0.2432117625454545
424,12891,11/14/2009,1,0.067565355
425,12891,11/15/2009,0,0.0
426,12891,11/16/2009,0,0.0
427,12891,11/17/2009,0,0.0
428,12891,11/18/2009,0,0.0
429,12891,11/6/2009,0,0.0
430,12891,11/7/2009,0,0.0
431,12891,11/8/2009,0,0.0
432,12891,11/9/2009,0,0.0
433,12891,11/9/2009,0,0.0
434,12892,11/10/2009,0,0.0
435,12892,11/11/2009,3,0.13399739033333333
436,12892,11/12/2009,11,0.41584132645454547
437,12892,11/13/2009,13,0.3268035514615385
438,12892,11/14/2009,3,0.107121218
439,12892,11/15/2009,0,0.0
440,12892,11/16/2009,0,0.0
441,12892,11/17/2009,0,0.0
442,12892,11/18/2009,0,0.0
443,12892,11/6/2009,0,0.0
444,12892,11/7/2009,0,0.0
445,12892,11/8/2009,0,0.0
446,12892,11/9/2009,0,0.0
447,12892,11/9/2009,0,0.0
448,13047,11/10/2009,0,0.0
449,13047,11/11/2009,5,0.7488297968
450,13047,11/12/2009,24,0.7979157667083334
451,13047,11/13/2009,21,0.8342830423333335
452,13047,11/14/2009,12,0.5291101356666666
453,13047,11/15/2009,8,0.36415636125000006
454,13047,11/16/2009,3,0.20921860700000003
455,13047,11/17/2009,3,0.30007005133333337
456,13047,11/18/2009,0,0.0
457,13047,11/6/2009,0,0.0
458,13047,11/7/2009,2,0.11628466200000001
459,13047,11/8/2009,0,0.0
460,13047,11/9/2009,0,0.0
461,13047,11/9/2009,0,0.0
462,13048,11/10/2009,0,0.0
463,13048,11/11/2009,5,0.9288297968
464,13048,11/12/2009,24,0.9779157667083336
465,13048,11/13/2009,22,0.9716855610454544
466,13048,11/14/2009,14,0.6223223628571429
467,13048,11/15/2009,9,0.49951514322222224
468,13048,11/16/2009,4,0.313649696
469,13048,11/17/2009,4,0.39200326525
470,13048,11/18/2009,0,0.0
471,13048,11/6/2009,0,0.0
472,13048,11/7/2009,2,0.296284662
473,13048,11/8/2009,0,0.0
474,13048,11/9/2009,0,0.0
475,13048,11/9/2009,0,0.0
476,13054,11/10/2009,0,0.0
477,13054,11/11/2009,4,0.245734242
478,13054,11/12/2009,15,0.4423058066
479,13054,11/13/2009,16,0.40658080487500003
480,13054,11/14/2009,4,0.23848462525
481,13054,11/15/2009,1,0.053585445
482,13054,11/16/2009,0,0.0
483,13054,11/17/2009,0,0.0
484,13054,11/18/2009,0,0.0
485,13054,11/6/2009,0,0.0
486,13054,11/7/2009,0,0.0
487,13054,11/8/2009,0,0.0
488,13054,11/9/2009,0,0.0
489,13054,11/9/2009,0,0.0
490,13055,11/10/2009,0,0.0
491,13055,11/11/2009,4,0.185734242
492,13055,11/12/2009,13,0.4477728641538461
493,13055,11/13/2009,15,0.3716824128000001
494,13055,11/14/2009,4,0.17848462524999997
495,13055,11/15/2009,0,0.0
496,13055,11/16/2009,0,0.0
497,13055,11/17/2009,0,0.0
498,13055,11/18/2009,0,0.0
499,13055,11/6/2009,0,0.0
500,13055,11/7/2009,0,0.0
501,13055,11/8/2009,0,0.0
502,13055,11/9/2009,0,0.0
503,13055,11/9/2009,0,0.0
504,13056,11/10/2009,0,0.0
505,13056,11/11/2009,4,0.195734242
506,13056,11/12/2009,13,0.4577728641538462
507,13056,11/13/2009,15,0.3816824127999999
508,13056,11/14/2009,4,0.18848462524999998
509,13056,11/15/2009,1,0.003585445
510,13056,11/16/2009,0,0.0
511,13056,11/17/2009,0,0.0
512,13056,11/18/2009,0,0.0
513,13056,11/6/2009,0,0.0
514,13056,11/7/2009,0,0.0
515,13056,11/8/2009,0,0.0
516,13056,11/9/2009,0,0.0
517,13056,11/9/2009,0,0.0
518,13057,11/10/2009,0,0.0
519,13057,11/11/2009,0,0.0
520,13057,11/12/2009,7,0.16803673514285714
521,13057,11/13/2009,4,0.189625773
522,13057,11/14/2009,0,0.0
523,13057,11/15/2009,0,0.0
524,13057,11/16/2009,0,0.0
525,13057,11/17/2009,0,0.0
526,13057,11/18/2009,0,0.0
527,13057,11/6/2009,0,0.0
528,13057,11/7/2009,0,0.0
529,13057,11/8/2009,0,0.0
530,13057,11/9/2009,0,0.0
531,13057,11/9/2009,0,0.0
532,13210,11/10/2009,0,0.0
533,13210,11/11/2009,0,0.0
534,13210,11/12/2009,2,0.0263969995
535,13210,11/13/2009,2,0.023798530499999998
536,13210,11/14/2009,0,0.0
537,13210,11/15/2009,0,0.0
538,13210,11/16/2009,0,0.0
539,13210,11/17/2009,0,0.0
540,13210,11/18/2009,0,0.0
541,13210,11/6/2009,0,0.0
542,13210,11/7/2009,0,0.0
543,13210,11/8/2009,0,0.0
544,13210,11/9/2009,0,0.0
545,13210,11/9/2009,0,0.0
546,13211,11/10/2009,0,0.0
547,13211,11/11/2009,5,0.8088297967999999
548,13211,11/12/2009,24,0.8579157667083334
549,13211,11/13/2009,21,0.8942830423333334
550,13211,11/14/2009,13,0.547283308923077
551,13211,11/15/2009,9,0.37951514322222224
552,13211,11/16/2009,3,0.269218607
553,13211,11/17/2009,4,0.27200326525
554,13211,11/18/2009,0,0.0
555,13211,11/6/2009,0,0.0
556,13211,11/7/2009,2,0.17628466199999998
557,13211,11/8/2009,0,0.0
558,13211,11/9/2009,0,0.0
559,13211,11/9/2009,0,0.0
560,13212,11/10/2009,0,0.0
561,13212,11/11/2009,5,1.1188297968
562,13212,11/12/2009,24,1.1679157667083333
563,13212,11/13/2009,22,1.1616855610454542
564,13212,11/14/2009,17,0.6784425240588237
565,13212,11/15/2009,11,0.5785318201818181
566,13212,11/16/2009,4,0.5036496960000001
567,13212,11/17/2009,5,0.4710824156
568,13212,11/18/2009,0,0.0
569,13212,11/6/2009,0,0.0
570,13212,11/7/2009,3,0.3640932723333333
571,13212,11/8/2009,0,0.0
572,13212,11/9/2009,0,0.0
573,13212,11/9/2009,0,0.0
574,13213,11/10/2009,0,0.0
575,13213,11/11/2009,5,0.4588297968000001
576,13213,11/12/2009,24,0.5079157667083333
577,13213,11/13/2009,19,0.6188505946315791
578,13213,11/14/2009,10,0.3085981595
579,13213,11/15/2009,4,0.242514277
580,13213,11/16/2009,0,0.0
581,13213,11/17/2009,2,0.0656087195
582,13213,11/18/2009,0,0.0
583,13213,11/6/2009,0,0.0
584,13213,11/7/2009,0,0.0
585,13213,11/8/2009,0,0.0
586,13213,11/9/2009,0,0.0
587,13213,11/9/2009,0,0.0
588,13214,11/10/2009,0,0.0
589,13214,11/11/2009,5,0.4088297967999999
590,13214,11/12/2009,22,0.5015450552272728
591,13214,11/13/2009,19,0.5688505946315788
592,13214,11/14/2009,8,0.331818365875
593,13214,11/15/2009,4,0.192514277
594,13214,11/16/2009,0,0.0
595,13214,11/17/2009,2,0.0156087195
596,13214,11/18/2009,0,0.0
597,13214,11/6/2009,0,0.0
598,13214,11/7/2009,0,0.0
599,13214,11/8/2009,0,0.0
600,13214,11/9/2009,0,0.0
601,13214,11/9/2009,0,0.0
602,13216,11/10/2009,0,0.0
603,13216,11/11/2009,1,0.017198688
604,13216,11/12/2009,9,0.3303732197777778
605,13216,11/13/2009,9,0.2617376581111111
606,13216,11/14/2009,1,0.037565355
607,13216,11/15/2009,0,0.0
608,13216,11/16/2009,0,0.0
609,13216,11/17/2009,0,0.0
610,13216,11/18/2009,0,0.0
611,13216,11/6/2009,0,0.0
612,13216,11/7/2009,0,0.0
613,13216,11/8/2009,0,0.0
614,13216,11/9/2009,0,0.0
615,13216,11/9/2009,0,0.0
616,13217,11/10/2009,0,0.0
617,13217,11/11/2009,3,0.1739973903333333
618,13217,11/12/2009,13,0.38777286415384615
619,13217,11/13/2009,13,0.36680355146153854
620,13217,11/14/2009,4,0.11848462525
621,13217,11/15/2009,0,0.0
622,13217,11/16/2009,0,0.0
623,13217,11/17/2009,0,0.0
624,13217,11/18/2009,0,0.0
625,13217,11/6/2009,0,0.0
626,13217,11/7/2009,0,0.0
627,13217,11/8/2009,0,0.0
628,13217,11/9/2009,0,0.0
629,13217,11/9/2009,0,0.0
630,13218,11/10/2009,0,0.0
631,13218,11/11/2009,8,0.5406396015
632,13218,11/12/2009,24,0.8579157667083334
633,13218,11/13/2009,22,0.8616119840909092
634,13218,11/14/2009,15,0.4921996545333334
635,13218,11/15/2009,11,0.316391986
636,13218,11/16/2009,6,0.198772833
637,13218,11/17/2009,5,0.24868609020000002
638,13218,11/18/2009,0,0.0
639,13218,11/6/2009,0,0.0
640,13218,11/7/2009,3,0.179360046
641,13218,11/8/2009,2,0.1001441595
642,13218,11/9/2009,2,0.10948954500000001
643,13218,11/9/2009,2,0.10948954500000001
644,13219,11/10/2009,0,0.0
645,13219,11/11/2009,4,0.325734242
646,13219,11/12/2009,16,0.49299504881250006
647,13219,11/13/2009,16,0.486580804875
648,13219,11/14/2009,6,0.22366598466666668
649,13219,11/15/2009,2,0.0858312195
650,13219,11/16/2009,0,0.0
651,13219,11/17/2009,0,0.0
652,13219,11/18/2009,0,0.0
653,13219,11/6/2009,0,0.0
654,13219,11/7/2009,0,0.0
655,13219,11/8/2009,0,0.0
656,13219,11/9/2009,0,0.0
657,13219,11/9/2009,0,0.0
658,13220,11/10/2009,0,0.0
659,13220,11/11/2009,4,0.40573424199999997
660,13220,11/12/2009,19,0.487319032631579
661,13220,11/13/2009,18,0.5090649193333334
662,13220,11/14/2009,8,0.24181836587499997
663,13220,11/15/2009,4,0.102514277
664,13220,11/16/2009,0,0.0
665,13220,11/17/2009,0,0.0
666,13220,11/18/2009,0,0.0
667,13220,11/6/2009,0,0.0
668,13220,11/7/2009,0,0.0
669,13220,11/8/2009,0,0.0
670,13220,11/9/2009,0,0.0
671,13220,11/9/2009,0,0.0
672,13221,11/10/2009,0,0.0
673,13221,11/11/2009,3,0.06399739033333333
674,13221,11/12/2009,10,0.38561166989999995
675,13221,11/13/2009,12,0.2814571115833333
676,13221,11/14/2009,1,0.127565355
677,13221,11/15/2009,0,0.0
678,13221,11/16/2009,0,0.0
679,13221,11/17/2009,0,0.0
680,13221,11/18/2009,0,0.0
681,13221,11/6/2009,0,0.0
682,13221,11/7/2009,0,0.0
683,13221,11/8/2009,0,0.0
684,13221,11/9/2009,0,0.0
685,13221,11/9/2009,0,0.0
686,13222,11/10/2009,0,0.0
687,13222,11/11/2009,0,0.0
688,13222,11/12/2009,7,0.16803673514285714
689,13222,11/13/2009,4,0.189625773
690,13222,11/14/2009,0,0.0
691,13222,11/15/2009,0,0.0
692,13222,11/16/2009,0,0.0
693,13222,11/17/2009,0,0.0
694,13222,11/18/2009,0,0.0
695,13222,11/6/2009,0,0.0
696,13222,11/7/2009,0,0.0
697,13222,11/8/2009,0,0.0
698,13222,11/9/2009,0,0.0
699,13222,11/9/2009,0,0.0
700,13374,11/10/2009,0,0.0
701,13374,11/11/2009,0,0.0
702,13374,11/12/2009,7,0.19803673514285716
703,13374,11/13/2009,4,0.219625773
704,13374,11/14/2009,0,0.0
705,13374,11/15/2009,0,0.0
706,13374,11/16/2009,0,0.0
707,13374,11/17/2009,0,0.0
708,13374,11/18/2009,0,0.0
709,13374,11/6/2009,0,0.0
710,13374,11/7/2009,0,0.0
711,13374,11/8/2009,0,0.0
712,13374,11/9/2009,0,0.0
713,13374,11/9/2009,0,0.0
714,13375,11/10/2009,0,0.0
715,13375,11/11/2009,2,0.0321321175
716,13375,11/12/2009,10,0.3356116699
717,13375,11/13/2009,11,0.2532117625454546
718,13375,11/14/2009,1,0.077565355
719,13375,11/15/2009,0,0.0
720,13375,11/16/2009,0,0.0
721,13375,11/17/2009,0,0.0
722,13375,11/18/2009,0,0.0
723,13375,11/6/2009,0,0.0
724,13375,11/7/2009,0,0.0
725,13375,11/8/2009,0,0.0
726,13375,11/9/2009,0,0.0
727,13375,11/9/2009,0,0.0
728,13376,11/10/2009,0,0.0
729,13376,11/11/2009,5,1.1488297968
730,13376,11/12/2009,24,1.1979157667083336
731,13376,11/13/2009,22,1.1916855610454549
732,13376,11/14/2009,17,0.7084425240588235
733,13376,11/15/2009,11,0.6085318201818182
734,13376,11/16/2009,4,0.533649696
735,13376,11/17/2009,5,0.5010824156
736,13376,11/18/2009,0,0.0
737,13376,11/6/2009,0,0.0
738,13376,11/7/2009,3,0.3940932723333333
739,13376,11/8/2009,0,0.0
740,13376,11/9/2009,0,0.0
741,13376,11/9/2009,0,0.0
742,13377,11/10/2009,0,0.0
743,13377,11/11/2009,5,0.6488297968000001
744,13377,11/12/2009,24,0.6979157667083333
745,13377,11/13/2009,20,0.77537936535
746,13377,11/14/2009,11,0.4694261474545455
747,13377,11/15/2009,7,0.3113110708571428
748,13377,11/16/2009,3,0.10921860699999998
749,13377,11/17/2009,3,0.20007005133333333
750,13377,11/18/2009,0,0.0
751,13377,11/6/2009,0,0.0
752,13377,11/7/2009,1,0.099496313
753,13377,11/8/2009,0,0.0
754,13377,11/9/2009,0,0.0
755,13377,11/9/2009,0,0.0
756,13378,11/10/2009,0,0.0
757,13378,11/11/2009,5,0.5188297968
758,13378,11/12/2009,24,0.5679157667083333
759,13378,11/13/2009,20,0.64537936535
760,13378,11/14/2009,11,0.3394261474545454
761,13378,11/15/2009,6,0.21170779883333335
762,13378,11/16/2009,1,0.054663605
763,13378,11/17/2009,2,0.1256087195
764,13378,11/18/2009,0,0.0
765,13378,11/6/2009,0,0.0
766,13378,11/7/2009,0,0.0
767,13378,11/8/2009,0,0.0
768,13378,11/9/2009,0,0.0
769,13378,11/9/2009,0,0.0
770,13379,11/10/2009,0,0.0
771,13379,11/11/2009,5,0.5188297968
772,13379,11/12/2009,24,0.5679157667083333
773,13379,11/13/2009,20,0.64537936535
774,13379,11/14/2009,11,0.3394261474545454
775,13379,11/15/2009,6,0.21170779883333335
776,13379,11/16/2009,1,0.054663605
777,13379,11/17/2009,2,0.1256087195
778,13379,11/18/2009,0,0.0
779,13379,11/6/2009,0,0.0
780,13379,11/7/2009,0,0.0
781,13379,11/8/2009,0,0.0
782,13379,11/9/2009,0,0.0
783,13379,11/9/2009,0,0.0
784,13380,11/10/2009,0,0.0
785,13380,11/11/2009,0,0.0
786,13380,11/12/2009,7,0.3080367351428572
787,13380,11/13/2009,7,0.21435469714285713
788,13380,11/14/2009,0,0.0
789,13380,11/15/2009,0,0.0
790,13380,11/16/2009,0,0.0
791,13380,11/17/2009,0,0.0
792,13380,11/18/2009,0,0.0
793,13380,11/6/2009,0,0.0
794,13380,11/7/2009,0,0.0
795,13380,11/8/2009,0,0.0
796,13380,11/9/2009,0,0.0
797,13380,11/9/2009,0,0.0
798,13381,11/10/2009,0,0.0
799,13381,11/11/2009,5,0.5588297968
800,13381,11/12/2009,24,0.6079157667083334
801,13381,11/13/2009,20,0.68537936535
802,13381,11/14/2009,11,0.37942614745454545
803,13381,11/15/2009,7,0.22131107085714283
804,13381,11/16/2009,2,0.0599010065
805,13381,11/17/2009,2,0.1656087195
806,13381,11/18/2009,0,0.0
807,13381,11/6/2009,0,0.0
808,13381,11/7/2009,1,0.009496313
809,13381,11/8/2009,0,0.0
810,13381,11/9/2009,0,0.0
811,13381,11/9/2009,0,0.0
812,13382,11/10/2009,14,0.6130653347857145
813,13382,11/11/2009,18,0.936752069388889
814,13382,11/12/2009,24,1.797915766708333
815,13382,11/13/2009,24,1.7279382910416665
816,13382,11/14/2009,24,1.1345585949583332
817,13382,11/15/2009,22,0.8459924865909091
818,13382,11/16/2009,16,0.7638283451250001
819,13382,11/17/2009,18,0.7041023518333333
820,13382,11/18/2009,1,0.867418025
821,13382,11/6/2009,12,0.5812995621666667
822,13382,11/7/2009,14,0.6524518196428571
823,13382,11/8/2009,15,0.6024402476666667
824,13382,11/9/2009,15,0.6192897105999999
825,13382,11/9/2009,15,0.6192897105999999
826,13383,11/10/2009,14,0.5730653347857144
827,13383,11/11/2009,17,0.9515057562352941
828,13383,11/12/2009,24,1.7579157667083332
829,13383,11/13/2009,24,1.687938291041667
830,13383,11/14/2009,24,1.0945585949583336
831,13383,11/15/2009,22,0.8059924865909093
832,13383,11/16/2009,16,0.7238283451249999
833,13383,11/17/2009,17,0.7047696490588237
834,13383,11/18/2009,1,0.827418025
835,13383,11/6/2009,12,0.5412995621666666
836,13383,11/7/2009,13,0.659965332
837,13383,11/8/2009,14,0.6038875404999999
838,13383,11/9/2009,15,0.5792897105999999
839,13383,11/9/2009,15,0.5792897105999999
840,13384,11/10/2009,0,0.0
841,13384,11/11/2009,5,0.6488297968000001
842,13384,11/12/2009,24,0.6979157667083333
843,13384,11/13/2009,21,0.7391955746666666
844,13384,11/14/2009,12,0.43332644741666665
845,13384,11/15/2009,7,0.3113110708571428
846,13384,11/16/2009,4,0.0933732665
847,13384,11/17/2009,3,0.20007005133333333
848,13384,11/18/2009,0,0.0
849,13384,11/6/2009,0,0.0
850,13384,11/7/2009,2,0.0625035635
851,13384,11/8/2009,0,0.0
852,13384,11/9/2009,0,0.0
853,13384,11/9/2009,0,0.0
854,13385,11/10/2009,0,0.0
855,13385,11/11/2009,5,0.3588297968
856,13385,11/12/2009,19,0.527319032631579
857,13385,11/13/2009,18,0.5490649193333332
858,13385,11/14/2009,8,0.28181836587500003
859,13385,11/15/2009,4,0.142514277
860,13385,11/16/2009,0,0.0
861,13385,11/17/2009,0,0.0
862,13385,11/18/2009,0,0.0
863,13385,11/6/2009,0,0.0
864,13385,11/7/2009,0,0.0
865,13385,11/8/2009,0,0.0
866,13385,11/9/2009,0,0.0
867,13385,11/9/2009,0,0.0
868,13386,11/10/2009,0,0.0
869,13386,11/11/2009,3,0.10399739033333333
870,13386,11/12/2009,10,0.4256116699
871,13386,11/13/2009,13,0.2968035514615384
872,13386,11/14/2009,3,0.077121218
873,13386,11/15/2009,0,0.0
874,13386,11/16/2009,0,0.0
875,13386,11/17/2009,0,0.0
876,13386,11/18/2009,0,0.0
877,13386,11/6/2009,0,0.0
878,13386,11/7/2009,0,0.0
879,13386,11/8/2009,0,0.0
880,13386,11/9/2009,0,0.0
881,13386,11/9/2009,0,0.0
882,13537,11/10/2009,0,0.0
883,13537,11/11/2009,0,0.0
884,13537,11/12/2009,7,0.13803673514285714
885,13537,11/13/2009,4,0.159625773
886,13537,11/14/2009,0,0.0
887,13537,11/15/2009,0,0.0
888,13537,11/16/2009,0,0.0
889,13537,11/17/2009,0,0.0
890,13537,11/18/2009,0,0.0
891,13537,11/6/2009,0,0.0
892,13537,11/7/2009,0,0.0
893,13537,11/8/2009,0,0.0
894,13537,11/9/2009,0,0.0
895,13537,11/9/2009,0,0.0
896,13538,11/10/2009,0,0.0
897,13538,11/11/2009,0,0.0
898,13538,11/12/2009,4,0.1361842655
899,13538,11/13/2009,3,0.12073403466666666
900,13538,11/14/2009,0,0.0
901,13538,11/15/2009,0,0.0
902,13538,11/16/2009,0,0.0
903,13538,11/17/2009,0,0.0
904,13538,11/18/2009,0,0.0
905,13538,11/6/2009,0,0.0
906,13538,11/7/2009,0,0.0
907,13538,11/8/2009,0,0.0
908,13538,11/9/2009,0,0.0
909,13538,11/9/2009,0,0.0
910,13539,11/10/2009,0,0.0
911,13539,11/11/2009,0,0.0
912,13539,11/12/2009,5,0.12707259680000002
913,13539,11/13/2009,3,0.14073403466666667
914,13539,11/14/2009,0,0.0
915,13539,11/15/2009,0,0.0
916,13539,11/16/2009,0,0.0
917,13539,11/17/2009,0,0.0
918,13539,11/18/2009,0,0.0
919,13539,11/6/2009,0,0.0
920,13539,11/7/2009,0,0.0
921,13539,11/8/2009,0,0.0
922,13539,11/9/2009,0,0.0
923,13539,11/9/2009,0,0.0
924,13540,11/10/2009,0,0.0
925,13540,11/11/2009,5,0.6288297968000001
926,13540,11/12/2009,24,0.6779157667083333
927,13540,11/13/2009,20,0.7553793653499999
928,13540,11/14/2009,11,0.4494261474545454
929,13540,11/15/2009,7,0.2913110708571428
930,13540,11/16/2009,3,0.089218607
931,13540,11/17/2009,3,0.18007005133333334
932,13540,11/18/2009,0,0.0
933,13540,11/6/2009,0,0.0
934,13540,11/7/2009,1,0.079496313
935,13540,11/8/2009,0,0.0
936,13540,11/9/2009,0,0.0
937,13540,11/9/2009,0,0.0
938,13541,11/10/2009,0,0.0
939,13541,11/11/2009,5,0.9388297968
940,13541,11/12/2009,24,0.9879157667083333
941,13541,11/13/2009,22,0.9816855610454546
942,13541,11/14/2009,14,0.6323223628571428
943,13541,11/15/2009,9,0.5095151432222222
944,13541,11/16/2009,4,0.323649696
945,13541,11/17/2009,4,0.4020032652499999
946,13541,11/18/2009,0,0.0
947,13541,11/6/2009,0,0.0
948,13541,11/7/2009,2,0.306284662
949,13541,11/8/2009,0,0.0
950,13541,11/9/2009,0,0.0
951,13541,11/9/2009,0,0.0
952,13542,11/10/2009,0,0.0
953,13542,11/11/2009,5,0.6588297967999999
954,13542,11/12/2009,24,0.7079157667083334
955,13542,11/13/2009,20,0.7853793653500001
956,13542,11/14/2009,11,0.47942614745454554
957,13542,11/15/2009,7,0.32131107085714283
958,13542,11/16/2009,3,0.11921860699999999
959,13542,11/17/2009,3,0.2100700513333333
960,13542,11/18/2009,0,0.0
961,13542,11/6/2009,0,0.0
962,13542,11/7/2009,1,0.109496313
963,13542,11/8/2009,0,0.0
964,13542,11/9/2009,0,0.0
965,13542,11/9/2009,0,0.0
966,13543,11/10/2009,0,0.0
967,13543,11/11/2009,5,0.8088297967999999
968,13543,11/12/2009,24,0.8579157667083334
969,13543,11/13/2009,21,0.8942830423333334
970,13543,11/14/2009,13,0.547283308923077
971,13543,11/15/2009,9,0.37951514322222224
972,13543,11/16/2009,3,0.269218607
973,13543,11/17/2009,4,0.27200326525
974,13543,11/18/2009,0,0.0
975,13543,11/6/2009,0,0.0
976,13543,11/7/2009,2,0.17628466199999998
977,13543,11/8/2009,0,0.0
978,13543,11/9/2009,0,0.0
979,13543,11/9/2009,0,0.0
980,13544,11/10/2009,0,0.0
981,13544,11/11/2009,5,0.6188297968
982,13544,11/12/2009,24,0.6679157667083334
983,13544,11/13/2009,20,0.7453793653500002
984,13544,11/14/2009,11,0.4394261474545455
985,13544,11/15/2009,7,0.28131107085714285
986,13544,11/16/2009,2,0.1199010065
987,13544,11/17/2009,3,0.17007005133333333
988,13544,11/18/2009,0,0.0
989,13544,11/6/2009,0,0.0
990,13544,11/7/2009,1,0.069496313
991,13544,11/8/2009,0,0.0
992,13544,11/9/2009,0,0.0
993,13544,11/9/2009,0,0.0
994,13545,11/10/2009,0,0.0
995,13545,11/11/2009,0,0.0
996,13545,11/12/2009,5,0.12707259680000002
997,13545,11/13/2009,3,0.14073403466666667
998,13545,11/14/2009,0,0.0
999,13545,11/15/2009,0,0.0
1000,13545,11/16/2009,0,0.0
1001,13545,11/17/2009,0,0.0
1002,13545,11/18/2009,0,0.0
1003,13545,11/6/2009,0,0.0
1004,13545,11/7/2009,0,0.0
1005,13545,11/8/2009,0,0.0
1006,13545,11/9/2009,0,0.0
1007,13545,11/9/2009,0,0.0
1008,13546,11/10/2009,0,0.0
1009,13546,11/11/2009,5,0.5888297968
1010,13546,11/12/2009,24,0.6379157667083334
1011,13546,11/13/2009,20,0.71537936535
1012,13546,11/14/2009,11,0.40942614745454536
1013,13546,11/15/2009,7,0.2513110708571428
1014,13546,11/16/2009,2,0.08990100649999999
1015,13546,11/17/2009,3,0.14007005133333333
1016,13546,11/18/2009,0,0.0
1017,13546,11/6/2009,0,0.0
1018,13546,11/7/2009,1,0.039496313
1019,13546,11/8/2009,0,0.0
1020,13546,11/9/2009,0,0.0
1021,13546,11/9/2009,0,0.0
1022,13547,11/10/2009,5,0.0976908792
1023,13547,11/11/2009,11,0.5615851732727273
1024,13547,11/12/2009,24,1.0579157667083334
1025,13547,11/13/2009,24,0.9879382910416666
1026,13547,11/14/2009,17,0.6252361497058823
1027,13547,11/15/2009,13,0.4417828476923077
1028,13547,11/16/2009,9,0.2977473112222222
1029,13547,11/17/2009,9,0.29339613144444443
1030,13547,11/18/2009,1,0.127418025
1031,13547,11/6/2009,5,0.06917325860000001
1032,13547,11/7/2009,7,0.18835472171428572
1033,13547,11/8/2009,5,0.17956514159999998
1034,13547,11/9/2009,6,0.16611831816666667
1035,13547,11/9/2009,6,0.16611831816666667
1036,13548,11/10/2009,11,0.28077195690909096
1037,13548,11/11/2009,14,0.71583769
1038,13548,11/12/2009,24,1.3679157667083333
1039,13548,11/13/2009,24,1.2979382910416664
1040,13548,11/14/2009,23,0.7383971318695653
1041,13548,11/15/2009,17,0.608520228764706
1042,13548,11/16/2009,13,0.46017000538461544
1043,13548,11/17/2009,13,0.46979797469230766
1044,13548,11/18/2009,1,0.437418025
1045,13548,11/6/2009,9,0.2764723101111111
1046,13548,11/7/2009,11,0.3607246962727273
1047,13548,11/8/2009,11,0.326916114
1048,13548,11/9/2009,11,0.3365525687272728
1049,13548,11/9/2009,11,0.3365525687272728
1050,13549,11/10/2009,0,0.0
1051,13549,11/11/2009,5,0.6088297968
1052,13549,11/12/2009,24,0.6579157667083332
1053,13549,11/13/2009,20,0.7353793653499999
1054,13549,11/14/2009,11,0.42942614745454544
1055,13549,11/15/2009,7,0.27131107085714284
1056,13549,11/16/2009,3,0.075213086
1057,13549,11/17/2009,3,0.16007005133333332
1058,13549,11/18/2009,0,0.0
1059,13549,11/6/2009,0,0.0
1060,13549,11/7/2009,1,0.059496313
1061,13549,11/8/2009,0,0.0
1062,13549,11/9/2009,0,0.0
1063,13549,11/9/2009,0,0.0
1064,13550,11/10/2009,0,0.0
1065,13550,11/11/2009,5,0.5388297968
1066,13550,11/12/2009,24,0.5879157667083333
1067,13550,11/13/2009,20,0.6653793653500001
1068,13550,11/14/2009,11,0.35942614745454543
1069,13550,11/15/2009,7,0.2013110708571429
1070,13550,11/16/2009,2,0.039901006499999996
1071,13550,11/17/2009,2,0.14560871949999998
1072,13550,11/18/2009,0,0.0
1073,13550,11/6/2009,0,0.0
1074,13550,11/7/2009,0,0.0
1075,13550,11/8/2009,0,0.0
1076,13550,11/9/2009,0,0.0
1077,13550,11/9/2009,0,0.0
1078,13702,11/10/2009,0,0.0
1079,13702,11/11/2009,0,0.0
1080,13702,11/12/2009,5,0.1470725968
1081,13702,11/13/2009,3,0.16073403466666666
1082,13702,11/14/2009,0,0.0
1083,13702,11/15/2009,0,0.0
1084,13702,11/16/2009,0,0.0
1085,13702,11/17/2009,0,0.0
1086,13702,11/18/2009,0,0.0
1087,13702,11/6/2009,0,0.0
1088,13702,11/7/2009,0,0.0
1089,13702,11/8/2009,0,0.0
1090,13702,11/9/2009,0,0.0
1091,13702,11/9/2009,0,0.0
1092,13703,11/10/2009,0,0.0
1093,13703,11/11/2009,0,0.0
1094,13703,11/12/2009,4,0.1361842655
1095,13703,11/13/2009,3,0.12073403466666666
1096,13703,11/14/2009,0,0.0
1097,13703,11/15/2009,0,0.0
1098,13703,11/16/2009,0,0.0
1099,13703,11/17/2009,0,0.0
1100,13703,11/18/2009,0,0.0
1101,13703,11/6/2009,0,0.0
1102,13703,11/7/2009,0,0.0
1103,13703,11/8/2009,0,0.0
1104,13703,11/9/2009,0,0.0
1105,13703,11/9/2009,0,0.0
1106,13704,11/10/2009,0,0.0
1107,13704,11/11/2009,0,0.0
1108,13704,11/12/2009,7,0.2980367351428571
1109,13704,11/13/2009,7,0.20435469714285714
1110,13704,11/14/2009,0,0.0
1111,13704,11/15/2009,0,0.0
1112,13704,11/16/2009,0,0.0
1113,13704,11/17/2009,0,0.0
1114,13704,11/18/2009,0,0.0
1115,13704,11/6/2009,0,0.0
1116,13704,11/7/2009,0,0.0
1117,13704,11/8/2009,0,0.0
1118,13704,11/9/2009,0,0.0
1119,13704,11/9/2009,0,0.0
1120,13705,11/10/2009,0,0.0
1121,13705,11/11/2009,0,0.0
1122,13705,11/12/2009,7,0.12803673514285716
1123,13705,11/13/2009,4,0.149625773
1124,13705,11/14/2009,0,0.0
1125,13705,11/15/2009,0,0.0
1126,13705,11/16/2009,0,0.0
1127,13705,11/17/2009,0,0.0
1128,13705,11/18/2009,0,0.0
1129,13705,11/6/2009,0,0.0
1130,13705,11/7/2009,0,0.0
1131,13705,11/8/2009,0,0.0
1132,13705,11/9/2009,0,0.0
1133,13705,11/9/2009,0,0.0
1134,13706,11/10/2009,0,0.0
1135,13706,11/11/2009,5,0.5988297968
1136,13706,11/12/2009,24,0.6479157667083333
1137,13706,11/13/2009,20,0.72537936535
1138,13706,11/14/2009,11,0.4194261474545455
1139,13706,11/15/2009,7,0.26131107085714284
1140,13706,11/16/2009,2,0.0999010065
1141,13706,11/17/2009,3,0.15007005133333334
1142,13706,11/18/2009,0,0.0
1143,13706,11/6/2009,0,0.0
1144,13706,11/7/2009,1,0.049496313
1145,13706,11/8/2009,0,0.0
1146,13706,11/9/2009,0,0.0
1147,13706,11/9/2009,0,0.0
1148,13707,11/10/2009,0,0.0
1149,13707,11/11/2009,5,0.7588297968
1150,13707,11/12/2009,24,0.8079157667083332
1151,13707,11/13/2009,21,0.8442830423333334
1152,13707,11/14/2009,12,0.5391101356666667
1153,13707,11/15/2009,8,0.37415636124999996
1154,13707,11/16/2009,3,0.21921860700000004
1155,13707,11/17/2009,3,0.3100700513333334
1156,13707,11/18/2009,0,0.0
1157,13707,11/6/2009,0,0.0
1158,13707,11/7/2009,2,0.126284662
1159,13707,11/8/2009,0,0.0
1160,13707,11/9/2009,0,0.0
1161,13707,11/9/2009,0,0.0
1162,13708,11/10/2009,0,0.0
1163,13708,11/11/2009,5,0.5488297968
1164,13708,11/12/2009,24,0.5979157667083334
1165,13708,11/13/2009,20,0.67537936535
1166,13708,11/14/2009,11,0.36942614745454544
1167,13708,11/15/2009,7,0.21131107085714282
1168,13708,11/16/2009,2,0.049901006500000004
1169,13708,11/17/2009,2,0.1556087195
1170,13708,11/18/2009,0,0.0
1171,13708,11/6/2009,0,0.0
1172,13708,11/7/2009,0,0.0
1173,13708,11/8/2009,0,0.0
1174,13708,11/9/2009,0,0.0
1175,13708,11/9/2009,0,0.0
1176,13709,11/10/2009,0,0.0
1177,13709,11/11/2009,5,0.9388297968
1178,13709,11/12/2009,24,0.9879157667083333
1179,13709,11/13/2009,22,0.9816855610454546
1180,13709,11/14/2009,14,0.6323223628571428
1181,13709,11/15/2009,9,0.5095151432222222
1182,13709,11/16/2009,4,0.323649696
1183,13709,11/17/2009,4,0.4020032652499999
1184,13709,11/18/2009,0,0.0
1185,13709,11/6/2009,0,0.0
1186,13709,11/7/2009,2,0.306284662
1187,13709,11/8/2009,0,0.0
1188,13709,11/9/2009,0,0.0
1189,13709,11/9/2009,0,0.0
1190,13710,11/10/2009,0,0.0
1191,13710,11/11/2009,4,0.425734242
1192,13710,11/12/2009,19,0.507319032631579
1193,13710,11/13/2009,18,0.5290649193333332
1194,13710,11/14/2009,8,0.261818365875
1195,13710,11/15/2009,4,0.122514277
1196,13710,11/16/2009,0,0.0
1197,13710,11/17/2009,0,0.0
1198,13710,11/18/2009,0,0.0
1199,13710,11/6/2009,0,0.0
1200,13710,11/7/2009,0,0.0
1201,13710,11/8/2009,0,0.0
1202,13710,11/9/2009,0,0.0
1203,13710,11/9/2009,0,0.0
1204,13711,11/10/2009,0,0.0
1205,13711,11/11/2009,5,0.6388297968
1206,13711,11/12/2009,24,0.6879157667083334
1207,13711,11/13/2009,21,0.7291955746666666
1208,13711,11/14/2009,12,0.4233264474166667
1209,13711,11/15/2009,7,0.30131107085714287
1210,13711,11/16/2009,4,0.08337326650000002
1211,13711,11/17/2009,3,0.19007005133333335
1212,13711,11/18/2009,0,0.0
1213,13711,11/6/2009,0,0.0
1214,13711,11/7/2009,2,0.052503563499999996
1215,13711,11/8/2009,0,0.0
1216,13711,11/9/2009,0,0.0
1217,13711,11/9/2009,0,0.0
1218,13712,11/10/2009,16,0.4842294111249999
1219,13712,11/11/2009,19,0.8304034470526317
1220,13712,11/12/2009,24,1.7079157667083331
1221,13712,11/13/2009,24,1.6379382910416664
1222,13712,11/14/2009,24,1.0445585949583334
1223,13712,11/15/2009,23,0.7417177339130435
1224,13712,11/16/2009,16,0.6928944108125
1225,13712,11/17/2009,19,0.6066879999473684
1226,13712,11/18/2009,1,0.777418025
1227,13712,11/6/2009,12,0.5160709211666666
1228,13712,11/7/2009,15,0.5703591032666667
1229,13712,11/8/2009,15,0.5516606079333334
1230,13712,11/9/2009,16,0.526289192875
1231,13712,11/9/2009,16,0.526289192875
1232,13713,11/10/2009,14,0.3690632369285714
1233,13713,11/11/2009,17,0.7456072794705882
1234,13713,11/12/2009,24,1.5379157667083332
1235,13713,11/13/2009,24,1.4679382910416667
1236,13713,11/14/2009,24,0.8745585949583333
1237,13713,11/15/2009,20,0.6716357313000001
1238,13713,11/16/2009,16,0.5228944108124999
1239,13713,11/17/2009,16,0.539596119
1240,13713,11/18/2009,1,0.607418025
1241,13713,11/6/2009,11,0.38139639281818183
1242,13713,11/7/2009,13,0.4710622224615385
1243,13713,11/8/2009,15,0.38166060793333334
1244,13713,11/9/2009,15,0.3899507649333333
1245,13713,11/9/2009,15,0.3899507649333333
1246,13714,11/10/2009,0,0.0
1247,13714,11/11/2009,6,0.5603334515
1248,13714,11/12/2009,24,0.7179157667083333
1249,13714,11/13/2009,21,0.7591955746666667
1250,13714,11/14/2009,13,0.41888856730769225
1251,13714,11/15/2009,7,0.33131107085714284
1252,13714,11/16/2009,4,0.1133732665
1253,13714,11/17/2009,4,0.16890688599999998
1254,13714,11/18/2009,0,0.0
1255,13714,11/6/2009,0,0.0
1256,13714,11/7/2009,2,0.0825035635
1257,13714,11/8/2009,0,0.0
1258,13714,11/9/2009,0,0.0
1259,13714,11/9/2009,0,0.0
1260,13867,11/10/2009,0,0.0
1261,13867,11/11/2009,0,0.0
1262,13867,11/12/2009,7,0.21803673514285715
1263,13867,11/13/2009,4,0.23962577300000001
1264,13867,11/14/2009,0,0.0
1265,13867,11/15/2009,0,0.0
1266,13867,11/16/2009,0,0.0
1267,13867,11/17/2009,0,0.0
1268,13867,11/18/2009,0,0.0
1269,13867,11/6/2009,0,0.0
1270,13867,11/7/2009,0,0.0
1271,13867,11/8/2009,0,0.0
1272,13867,11/9/2009,0,0.0
1273,13867,11/9/2009,0,0.0
1274,13868,11/10/2009,0,0.0
1275,13868,11/11/2009,0,0.0
1276,13868,11/12/2009,3,0.04313288133333334
1277,13868,11/13/2009,2,0.0537985305
1278,13868,11/14/2009,0,0.0
1279,13868,11/15/2009,0,0.0
1280,13868,11/16/2009,0,0.0
1281,13868,11/17/2009,0,0.0
1282,13868,11/18/2009,0,0.0
1283,13868,11/6/2009,0,0.0
1284,13868,11/7/2009,0,0.0
1285,13868,11/8/2009,0,0.0
1286,13868,11/9/2009,0,0.0
1287,13868,11/9/2009,0,0.0
1288,13869,11/10/2009,0,0.0
1289,13869,11/11/2009,0,0.0
1290,13869,11/12/2009,7,0.2980367351428571
1291,13869,11/13/2009,7,0.20435469714285714
1292,13869,11/14/2009,0,0.0
1293,13869,11/15/2009,0,0.0
1294,13869,11/16/2009,0,0.0
1295,13869,11/17/2009,0,0.0
1296,13869,11/18/2009,0,0.0
1297,13869,11/6/2009,0,0.0
1298,13869,11/7/2009,0,0.0
1299,13869,11/8/2009,0,0.0
1300,13869,11/9/2009,0,0.0
1301,13869,11/9/2009,0,0.0
1302,13870,11/10/2009,0,0.0
1303,13870,11/11/2009,1,0.047198688
1304,13870,11/12/2009,10,0.32561166990000007
1305,13870,11/13/2009,11,0.2432117625454545
1306,13870,11/14/2009,1,0.067565355
1307,13870,11/15/2009,0,0.0
1308,13870,11/16/2009,0,0.0
1309,13870,11/17/2009,0,0.0
1310,13870,11/18/2009,0,0.0
1311,13870,11/6/2009,0,0.0
1312,13870,11/7/2009,0,0.0
1313,13870,11/8/2009,0,0.0
1314,13870,11/9/2009,0,0.0
1315,13870,11/9/2009,0,0.0
1316,13871,11/10/2009,0,0.0
1317,13871,11/11/2009,5,0.3588297968
1318,13871,11/12/2009,19,0.527319032631579
1319,13871,11/13/2009,18,0.5490649193333332
1320,13871,11/14/2009,8,0.28181836587500003
1321,13871,11/15/2009,4,0.142514277
1322,13871,11/16/2009,0,0.0
1323,13871,11/17/2009,0,0.0
1324,13871,11/18/2009,0,0.0
1325,13871,11/6/2009,0,0.0
1326,13871,11/7/2009,0,0.0
1327,13871,11/8/2009,0,0.0
1328,13871,11/9/2009,0,0.0
1329,13871,11/9/2009,0,0.0
1330,13872,11/10/2009,0,0.0
1331,13872,11/11/2009,5,0.4088297967999999
1332,13872,11/12/2009,22,0.5015450552272728
1333,13872,11/13/2009,19,0.5688505946315788
1334,13872,11/14/2009,8,0.331818365875
1335,13872,11/15/2009,4,0.192514277
1336,13872,11/16/2009,0,0.0
1337,13872,11/17/2009,2,0.0156087195
1338,13872,11/18/2009,0,0.0
1339,13872,11/6/2009,0,0.0
1340,13872,11/7/2009,0,0.0
1341,13872,11/8/2009,0,0.0
1342,13872,11/9/2009,0,0.0
1343,13872,11/9/2009,0,0.0
1344,13873,11/10/2009,0,0.0
1345,13873,11/11/2009,5,0.5088297968
1346,13873,11/12/2009,24,0.5579157667083334
1347,13873,11/13/2009,19,0.6688505946315788
1348,13873,11/14/2009,11,0.32942614745454546
1349,13873,11/15/2009,6,0.20170779883333334
1350,13873,11/16/2009,1,0.044663605
1351,13873,11/17/2009,2,0.11560871949999998
1352,13873,11/18/2009,0,0.0
1353,13873,11/6/2009,0,0.0
1354,13873,11/7/2009,0,0.0
1355,13873,11/8/2009,0,0.0
1356,13873,11/9/2009,0,0.0
1357,13873,11/9/2009,0,0.0
1358,13874,11/10/2009,0,0.0
1359,13874,11/11/2009,0,0.0
1360,13874,11/12/2009,3,0.06313288133333333
1361,13874,11/13/2009,2,0.0737985305
1362,13874,11/14/2009,0,0.0
1363,13874,11/15/2009,0,0.0
1364,13874,11/16/2009,0,0.0
1365,13874,11/17/2009,0,0.0
1366,13874,11/18/2009,0,0.0
1367,13874,11/6/2009,0,0.0
1368,13874,11/7/2009,0,0.0
1369,13874,11/8/2009,0,0.0
1370,13874,11/9/2009,0,0.0
1371,13874,11/9/2009,0,0.0
1372,13875,11/10/2009,4,0.10156172
1373,13875,11/11/2009,11,0.5415851732727273
1374,13875,11/12/2009,24,1.0379157667083334
1375,13875,11/13/2009,24,0.967938291041667
1376,13875,11/14/2009,17,0.6052361497058822
1377,13875,11/15/2009,13,0.4217828476923077
1378,13875,11/16/2009,8,0.31406143225
1379,13875,11/17/2009,9,0.2733961314444444
1380,13875,11/18/2009,1,0.107418025
1381,13875,11/6/2009,3,0.08652962033333333
1382,13875,11/7/2009,4,0.30225076875
1383,13875,11/8/2009,5,0.1595651416
1384,13875,11/9/2009,6,0.14611831816666665
1385,13875,11/9/2009,6,0.14611831816666665
1386,13876,11/10/2009,18,0.6472043935555557
1387,13876,11/11/2009,20,1.02468024435
1388,13876,11/12/2009,24,1.9479157667083336
1389,13876,11/13/2009,24,1.8779382910416664
1390,13876,11/14/2009,24,1.2845585949583334
1391,13876,11/15/2009,24,0.9495654479583333
1392,13876,11/16/2009,19,0.8038224347368421
1393,13876,11/17/2009,21,0.7775622786666667
1394,13876,11/18/2009,1,1.017418025
1395,13876,11/6/2009,14,0.6669244393571427
1396,13876,11/7/2009,17,0.7296738994705881
1397,13876,11/8/2009,17,0.7212982195882353
1398,13876,11/9/2009,17,0.7330382801764705
1399,13876,11/9/2009,17,0.7330382801764705
1400,13877,11/10/2009,11,0.31077195690909093
1401,13877,11/11/2009,15,0.6975504075333333
1402,13877,11/12/2009,24,1.3979157667083335
1403,13877,11/13/2009,24,1.3279382910416666
1404,13877,11/14/2009,23,0.7683971318695654
1405,13877,11/15/2009,17,0.6385202287647058
1406,13877,11/16/2009,13,0.49017000538461536
1407,13877,11/17/2009,13,0.4997979746923077
1408,13877,11/18/2009,1,0.467418025
1409,13877,11/6/2009,9,0.30647231011111115
1410,13877,11/7/2009,12,0.35991314741666663
1411,13877,11/8/2009,11,0.356916114
1412,13877,11/9/2009,11,0.36655256872727277
1413,13877,11/9/2009,11,0.36655256872727277
1414,13878,11/10/2009,7,0.12230846542857143
1415,13878,11/11/2009,11,0.6215851732727273
1416,13878,11/12/2009,24,1.1179157667083335
1417,13878,11/13/2009,24,1.0479382910416664
1418,13878,11/14/2009,20,0.58441340535
1419,13878,11/15/2009,13,0.5017828476923076
1420,13878,11/16/2009,9,0.35774731122222225
1421,13878,11/17/2009,9,0.35339613144444443
1422,13878,11/18/2009,1,0.187418025
1423,13878,11/6/2009,5,0.1291732586
1424,13878,11/7/2009,7,0.24835472171428571
1425,13878,11/8/2009,7,0.17932940242857143
1426,13878,11/9/2009,7,0.1977634034285714
1427,13878,11/9/2009,7,0.1977634034285714
1428,14031,11/10/2009,0,0.0
1429,14031,11/11/2009,0,0.0
1430,14031,11/12/2009,7,0.14803673514285712
1431,14031,11/13/2009,4,0.169625773
1432,14031,11/14/2009,0,0.0
1433,14031,11/15/2009,0,0.0
1434,14031,11/16/2009,0,0.0
1435,14031,11/17/2009,0,0.0
1436,14031,11/18/2009,0,0.0
1437,14031,11/6/2009,0,0.0
1438,14031,11/7/2009,0,0.0
1439,14031,11/8/2009,0,0.0
1440,14031,11/9/2009,0,0.0
1441,14031,11/9/2009,0,0.0
1442,14032,11/10/2009,0,0.0
1443,14032,11/11/2009,0,0.0
1444,14032,11/12/2009,7,0.16803673514285714
1445,14032,11/13/2009,4,0.189625773
1446,14032,11/14/2009,0,0.0
1447,14032,11/15/2009,0,0.0
1448,14032,11/16/2009,0,0.0
1449,14032,11/17/2009,0,0.0
1450,14032,11/18/2009,0,0.0
1451,14032,11/6/2009,0,0.0
1452,14032,11/7/2009,0,0.0
1453,14032,11/8/2009,0,0.0
1454,14032,11/9/2009,0,0.0
1455,14032,11/9/2009,0,0.0
1456,14033,11/10/2009,0,0.0
1457,14033,11/11/2009,0,0.0
1458,14033,11/12/2009,7,0.18803673514285715
1459,14033,11/13/2009,4,0.209625773
1460,14033,11/14/2009,0,0.0
1461,14033,11/15/2009,0,0.0
1462,14033,11/16/2009,0,0.0
1463,14033,11/17/2009,0,0.0
1464,14033,11/18/2009,0,0.0
1465,14033,11/6/2009,0,0.0
1466,14033,11/7/2009,0,0.0
1467,14033,11/8/2009,0,0.0
1468,14033,11/9/2009,0,0.0
1469,14033,11/9/2009,0,0.0
1470,14034,11/10/2009,0,0.0
1471,14034,11/11/2009,4,0.245734242
1472,14034,11/12/2009,15,0.4423058066
1473,14034,11/13/2009,16,0.40658080487500003
1474,14034,11/14/2009,4,0.23848462525
1475,14034,11/15/2009,1,0.053585445
1476,14034,11/16/2009,0,0.0
1477,14034,11/17/2009,0,0.0
1478,14034,11/18/2009,0,0.0
1479,14034,11/6/2009,0,0.0
1480,14034,11/7/2009,0,0.0
1481,14034,11/8/2009,0,0.0
1482,14034,11/9/2009,0,0.0
1483,14034,11/9/2009,0,0.0
1484,14035,11/10/2009,0,0.0
1485,14035,11/11/2009,4,0.23573424199999998
1486,14035,11/12/2009,15,0.43230580659999995
1487,14035,11/13/2009,16,0.39658080487499997
1488,14035,11/14/2009,4,0.22848462525000002
1489,14035,11/15/2009,1,0.043585445
1490,14035,11/16/2009,0,0.0
1491,14035,11/17/2009,0,0.0
1492,14035,11/18/2009,0,0.0
1493,14035,11/6/2009,0,0.0
1494,14035,11/7/2009,0,0.0
1495,14035,11/8/2009,0,0.0
1496,14035,11/9/2009,0,0.0
1497,14035,11/9/2009,0,0.0
1498,14036,11/10/2009,0,0.0
1499,14036,11/11/2009,3,0.16399739033333333
1500,14036,11/12/2009,12,0.4093379879166667
1501,14036,11/13/2009,13,0.35680355146153847
1502,14036,11/14/2009,4,0.10848462525
1503,14036,11/15/2009,0,0.0
1504,14036,11/16/2009,0,0.0
1505,14036,11/17/2009,0,0.0
1506,14036,11/18/2009,0,0.0
1507,14036,11/6/2009,0,0.0
1508,14036,11/7/2009,0,0.0
1509,14036,11/8/2009,0,0.0
1510,14036,11/9/2009,0,0.0
1511,14036,11/9/2009,0,0.0
1512,14037,11/10/2009,0,0.0
1513,14037,11/11/2009,0,0.0
1514,14037,11/12/2009,3,0.033132881333333336
1515,14037,11/13/2009,2,0.043798530499999995
1516,14037,11/14/2009,0,0.0
1517,14037,11/15/2009,0,0.0
1518,14037,11/16/2009,0,0.0
1519,14037,11/17/2009,0,0.0
1520,14037,11/18/2009,0,0.0
1521,14037,11/6/2009,0,0.0
1522,14037,11/7/2009,0,0.0
1523,14037,11/8/2009,0,0.0
1524,14037,11/9/2009,0,0.0
1525,14037,11/9/2009,0,0.0
1526,14039,11/10/2009,0,0.0
1527,14039,11/11/2009,5,0.3488297968
1528,14039,11/12/2009,19,0.517319032631579
1529,14039,11/13/2009,18,0.5390649193333332
1530,14039,11/14/2009,8,0.271818365875
1531,14039,11/15/2009,4,0.132514277
1532,14039,11/16/2009,0,0.0
1533,14039,11/17/2009,0,0.0
1534,14039,11/18/2009,0,0.0
1535,14039,11/6/2009,0,0.0
1536,14039,11/7/2009,0,0.0
1537,14039,11/8/2009,0,0.0
1538,14039,11/9/2009,0,0.0
1539,14039,11/9/2009,0,0.0
1540,14040,11/10/2009,12,0.32266514758333337
1541,14040,11/11/2009,15,0.7375504075333333
1542,14040,11/12/2009,24,1.4379157667083333
1543,14040,11/13/2009,24,1.3679382910416666
1544,14040,11/14/2009,23,0.8083971318695654
1545,14040,11/15/2009,18,0.6415038159444444
1546,14040,11/16/2009,13,0.5301700053846153
1547,14040,11/17/2009,15,0.4697403516
1548,14040,11/18/2009,1,0.507418025
1549,14040,11/6/2009,9,0.3464723101111111
1550,14040,11/7/2009,13,0.3710622224615385
1551,14040,11/8/2009,12,0.36407458733333337
1552,14040,11/9/2009,12,0.37516172758333327
1553,14040,11/9/2009,12,0.37516172758333327
1554,14041,11/10/2009,15,0.40388245840000003
1555,14041,11/11/2009,18,0.7616251872777777
1556,14041,11/12/2009,24,1.597915766708333
1557,14041,11/13/2009,24,1.5279382910416663
1558,14041,11/14/2009,24,0.9345585949583334
1559,14041,11/15/2009,21,0.697058374952381
1560,14041,11/16/2009,16,0.5828944108124999
1561,14041,11/17/2009,17,0.5646231033529413
1562,14041,11/18/2009,1,0.667418025
1563,14041,11/6/2009,12,0.4060709211666667
1564,14041,11/7/2009,14,0.4969629923571429
1565,14041,11/8/2009,15,0.44166060793333334
1566,14041,11/9/2009,15,0.4499507649333333
1567,14041,11/9/2009,15,0.4499507649333333
1568,14196,11/10/2009,0,0.0
1569,14196,11/11/2009,0,0.0
1570,14196,11/12/2009,5,0.12707259680000002
1571,14196,11/13/2009,3,0.14073403466666667
1572,14196,11/14/2009,0,0.0
1573,14196,11/15/2009,0,0.0
1574,14196,11/16/2009,0,0.0
1575,14196,11/17/2009,0,0.0
1576,14196,11/18/2009,0,0.0
1577,14196,11/6/2009,0,0.0
1578,14196,11/7/2009,0,0.0
1579,14196,11/8/2009,0,0.0
1580,14196,11/9/2009,0,0.0
1581,14196,11/9/2009,0,0.0
1582,14197,11/10/2009,0,0.0
1583,14197,11/11/2009,0,0.0
1584,14197,11/12/2009,7,0.14803673514285712
1585,14197,11/13/2009,4,0.169625773
1586,14197,11/14/2009,0,0.0
1587,14197,11/15/2009,0,0.0
1588,14197,11/16/2009,0,0.0
1589,14197,11/17/2009,0,0.0
1590,14197,11/18/2009,0,0.0
1591,14197,11/6/2009,0,0.0
1592,14197,11/7/2009,0,0.0
1593,14197,11/8/2009,0,0.0
1594,14197,11/9/2009,0,0.0
1595,14197,11/9/2009,0,0.0
1596,14198,11/10/2009,0,0.0
1597,14198,11/11/2009,3,0.06399739033333333
1598,14198,11/12/2009,10,0.38561166989999995
1599,14198,11/13/2009,12,0.2814571115833333
1600,14198,11/14/2009,1,0.127565355
1601,14198,11/15/2009,0,0.0
1602,14198,11/16/2009,0,0.0
1603,14198,11/17/2009,0,0.0
1604,14198,11/18/2009,0,0.0
1605,14198,11/6/2009,0,0.0
1606,14198,11/7/2009,0,0.0
1607,14198,11/8/2009,0,0.0
1608,14198,11/9/2009,0,0.0
1609,14198,11/9/2009,0,0.0
1610,14199,11/10/2009,0,0.0
1611,14199,11/11/2009,0,0.0
1612,14199,11/12/2009,7,0.22803673514285716
1613,14199,11/13/2009,5,0.2000028748
1614,14199,11/14/2009,0,0.0
1615,14199,11/15/2009,0,0.0
1616,14199,11/16/2009,0,0.0
1617,14199,11/17/2009,0,0.0
1618,14199,11/18/2009,0,0.0
1619,14199,11/6/2009,0,0.0
1620,14199,11/7/2009,0,0.0
1621,14199,11/8/2009,0,0.0
1622,14199,11/9/2009,0,0.0
1623,14199,11/9/2009,0,0.0
1624,14200,11/10/2009,0,0.0
1625,14200,11/11/2009,3,0.04399739033333333
1626,14200,11/12/2009,10,0.3656116699
1627,14200,11/13/2009,12,0.2614571115833333
1628,14200,11/14/2009,1,0.107565355
1629,14200,11/15/2009,0,0.0
1630,14200,11/16/2009,0,0.0
1631,14200,11/17/2009,0,0.0
1632,14200,11/18/2009,0,0.0
1633,14200,11/6/2009,0,0.0
1634,14200,11/7/2009,0,0.0
1635,14200,11/8/2009,0,0.0
1636,14200,11/9/2009,0,0.0
1637,14200,11/9/2009,0,0.0
1638,14201,11/10/2009,0,0.0
1639,14201,11/11/2009,0,0.0
1640,14201,11/12/2009,5,0.11707259680000001
1641,14201,11/13/2009,3,0.13073403466666667
1642,14201,11/14/2009,0,0.0
1643,14201,11/15/2009,0,0.0
1644,14201,11/16/2009,0,0.0
1645,14201,11/17/2009,0,0.0
1646,14201,11/18/2009,0,0.0
1647,14201,11/6/2009,0,0.0
1648,14201,11/7/2009,0,0.0
1649,14201,11/8/2009,0,0.0
1650,14201,11/9/2009,0,0.0
1651,14201,11/9/2009,0,0.0
1652,14204,11/10/2009,10,0.22313900200000006
1653,14204,11/11/2009,14,0.63583769
1654,14204,11/12/2009,24,1.2879157667083334
1655,14204,11/13/2009,24,1.2179382910416667
1656,14204,11/14/2009,21,0.7262088965714286
1657,14204,11/15/2009,15,0.6010122057999999
1658,14204,11/16/2009,12,0.4181884658333334
1659,14204,11/17/2009,13,0.38979797469230765
1660,14204,11/18/2009,1,0.357418025
1661,14204,11/6/2009,8,0.22382903775000002
1662,14204,11/7/2009,9,0.35271407433333335
1663,14204,11/8/2009,11,0.246916114
1664,14204,11/9/2009,10,0.283585543
1665,14204,11/9/2009,10,0.283585543
1666,14360,11/10/2009,0,0.0
1667,14360,11/11/2009,0,0.0
1668,14360,11/12/2009,4,0.1261842655
1669,14360,11/13/2009,3,0.11073403466666666
1670,14360,11/14/2009,0,0.0
1671,14360,11/15/2009,0,0.0
1672,14360,11/16/2009,0,0.0
1673,14360,11/17/2009,0,0.0
1674,14360,11/18/2009,0,0.0
1675,14360,11/6/2009,0,0.0
1676,14360,11/7/2009,0,0.0
1677,14360,11/8/2009,0,0.0
1678,14360,11/9/2009,0,0.0
1679,14360,11/9/2009,0,0.0
1680,14361,11/10/2009,0,0.0
1681,14361,11/11/2009,0,0.0
1682,14361,11/12/2009,7,0.24803673514285712
1683,14361,11/13/2009,5,0.22000287479999997
1684,14361,11/14/2009,0,0.0
1685,14361,11/15/2009,0,0.0
1686,14361,11/16/2009,0,0.0
1687,14361,11/17/2009,0,0.0
1688,14361,11/18/2009,0,0.0
1689,14361,11/6/2009,0,0.0
1690,14361,11/7/2009,0,0.0
1691,14361,11/8/2009,0,0.0
1692,14361,11/9/2009,0,0.0
1693,14361,11/9/2009,0,0.0
1694,14362,11/10/2009,0,0.0
1695,14362,11/11/2009,0,0.0
1696,14362,11/12/2009,9,0.30037321977777776
1697,14362,11/13/2009,9,0.23173765811111113
1698,14362,11/14/2009,1,0.007565355
1699,14362,11/15/2009,0,0.0
1700,14362,11/16/2009,0,0.0
1701,14362,11/17/2009,0,0.0
1702,14362,11/18/2009,0,0.0
1703,14362,11/6/2009,0,0.0
1704,14362,11/7/2009,0,0.0
1705,14362,11/8/2009,0,0.0
1706,14362,11/9/2009,0,0.0
1707,14362,11/9/2009,0,0.0
1708,14363,11/10/2009,0,0.0
1709,14363,11/11/2009,2,0.0521321175
1710,14363,11/12/2009,10,0.35561166990000004
1711,14363,11/13/2009,12,0.2514571115833334
1712,14363,11/14/2009,1,0.097565355
1713,14363,11/15/2009,0,0.0
1714,14363,11/16/2009,0,0.0
1715,14363,11/17/2009,0,0.0
1716,14363,11/18/2009,0,0.0
1717,14363,11/6/2009,0,0.0
1718,14363,11/7/2009,0,0.0
1719,14363,11/8/2009,0,0.0
1720,14363,11/9/2009,0,0.0
1721,14363,11/9/2009,0,0.0
1722,14364,11/10/2009,0,0.0
1723,14364,11/11/2009,0,0.0
1724,14364,11/12/2009,4,0.1061842655
1725,14364,11/13/2009,3,0.09073403466666667
1726,14364,11/14/2009,0,0.0
1727,14364,11/15/2009,0,0.0
1728,14364,11/16/2009,0,0.0
1729,14364,11/17/2009,0,0.0
1730,14364,11/18/2009,0,0.0
1731,14364,11/6/2009,0,0.0
1732,14364,11/7/2009,0,0.0
1733,14364,11/8/2009,0,0.0
1734,14364,11/9/2009,0,0.0
1735,14364,11/9/2009,0,0.0
1736,14525,11/10/2009,0,0.0
1737,14525,11/11/2009,0,0.0
1738,14525,11/12/2009,4,0.1261842655
1739,14525,11/13/2009,3,0.11073403466666666
1740,14525,11/14/2009,0,0.0
1741,14525,11/15/2009,0,0.0
1742,14525,11/16/2009,0,0.0
1743,14525,11/17/2009,0,0.0
1744,14525,11/18/2009,0,0.0
1745,14525,11/6/2009,0,0.0
1746,14525,11/7/2009,0,0.0
1747,14525,11/8/2009,0,0.0
1748,14525,11/9/2009,0,0.0
1749,14525,11/9/2009,0,0.0
